{
    "dibiao.mp4": {
        "jzjgc": 0.13292117465224113,
        "xghzzx": 1.0
    },
    "dibiao1.mp4": {
        "jzjgc": 0.8093922651933702,
        "xghzzx": 1.0
    },
    "dibiao10.mp4": {
        "lfhdl": 0.5176767676767676
    },
    "dibiao3.mp4": {
        "lbf": 0.6201232032854209
    },
    "dibiao4.mp4": {},
    "dibiao5.mp4": {
        "gdbbdl": 0.9643377001455604
    },
    "dibiao6.mp4": {
        "gdbbdl": 0.9899159663865547
    },
    "dibiao7.mp4": {
        "xghzzx": 1.0
    },
    "dibiao8.mp4": {
        "xghzzx": 1.0
    },
    "dibiao9.mp4": {
        "xghzzx": 0.9592391304347826
    }
}