{
    "guoqi1.mp4": {
        "mggq": 0.9987834549878345
    },
    "guoqi10.mp4": {
        "zggq": 0.9448640483383686
    },
    "guoqi11.mp4": {
        "zggq": 1.0
    },
    "guoqi12.mp4": {
        "zggq": 0.0812807881773399
    },
    "guoqi13.mp4": {},
    "guoqi2.mp4": {
        "xgqq": 0.5679012345679012,
        "zggq": 0.9575680810639645
    },
    "guoqi3.mp4": {
        "mggq": 0.9592668024439919
    },
    "guoqi4.mp4": {
        "zggq": 0.9390681003584229
    },
    "guoqi5.mp4": {
        "zggh": 1.0
    },
    "guoqi6.mp4": {
        "xgqq": 0.6585365853658537,
        "zggh": 0.9875,
        "zggq": 0.5654205607476636
    },
    "guoqi7.mp4": {
        "mggq": 1.0,
        "zggq": 1.0
    },
    "guoqi8.mp4": {
        "rbgq": 0.7945454545454546
    },
    "guoqi9.mp4": {
        "rbgq": 1.0
    }
}